NUMBER,NAME,MISSION,STAGE 1,STAGE 2,STAGE 3, STAGE 4,STAGE 5,STAGE 6,BOSS,DONE
1,"Punishment, Thy Name is Ruin",DDDDD(D),Westopolis,Digital Circuit,Cryptic Castle,Central City,The ARK,G.U.N. Fortress,Sonic and Diablon,TRUE
2,Prologue to World Conquest,DDDDD(H),Westopolis,Digital Circuit,Cryptic Castle,Central City,The ARK,G.U.N. Fortress,Black Doom,TRUE
3,The March to a Darker World,DDDDN(D),Westopolis,Digital Circuit,Cryptic Castle,Central City,The ARK,Black Comet,Sonic and Diablon,TRUE
4,The Ultimate Ego,DDDDN(H),Westopolis,Digital Circuit,Cryptic Castle,Central City,The ARK,Black Comet,Egg Dealer,TRUE
5,Purification via Ruination,DDDHD(D),Westopolis,Digital Circuit,Cryptic Castle,Central City,Air Fleet,G.U.N. Fortress,Sonic and Diablon,FALSE
6,Apogee of Darkness,DDDHD(H),Westopolis,Digital Circuit,Cryptic Castle,Central City,Air Fleet,G.U.N. Fortress,Black Doom,FALSE
7,True Soldier of Destruction,DDDHN(D),Westopolis,Digital Circuit,Cryptic Castle,Central City,Air Fleet,Black Comet,Sonic and Diablon,FALSE
8,Believe in Yourself,DDDHN(H),Westopolis,Digital Circuit,Cryptic Castle,Central City,Air Fleet,Black Comet,Egg Dealer,FALSE
9,An Android�s Determination,DDDHH(D),Westopolis,Digital Circuit,Cryptic Castle,Central City,Air Fleet,Lava Shelter,Egg Dealer,FALSE
10,"For Machine, By Machine...",DDDHH(H),Westopolis,Digital Circuit,Cryptic Castle,Central City,Air Fleet,Lava Shelter,Egg Dealer,FALSE
11,Revenge at Last,DDNDD(D),Westopolis,Digital Circuit,Cryptic Castle,The Doom,The ARK,G.U.N. Fortress,Sonic and Diablon,FALSE
12,Ego�s Awakening,DDNDD(H),Westopolis,Digital Circuit,Cryptic Castle,The Doom,The ARK,G.U.N. Fortress,Black Doom,FALSE
13,Destruction and Scorn,DDNDN(D),Westopolis,Digital Circuit,Cryptic Castle,The Doom,The ARK,Black Comet,Sonic and Diablon,FALSE
14,The Last Remaining Purpose,DDNDN(H),Westopolis,Digital Circuit,Cryptic Castle,The Doom,The ARK,Black Comet,Egg Dealer,FALSE
15,The Nightmare�s Insulation,DDNND(D),Westopolis,Digital Circuit,Cryptic Castle,The Doom,Air Fleet,G.U.N. Fortress,Sonic and Diablon,FALSE
16,The Nightmare�s Sublimation,DDNND(H),Westopolis,Digital Circuit,Cryptic Castle,The Doom,Air Fleet,G.U.N. Fortress,Black Doom,FALSE
17,The Loner�s Choice,DDNNN(D),Westopolis,Digital Circuit,Cryptic Castle,The Doom,Air Fleet,Black Comet,Sonic and Diablon,FALSE
18,Subjugation in Black,DDNNN(H),Westopolis,Digital Circuit,Cryptic Castle,The Doom,Air Fleet,Black Comet,Egg Dealer,TRUE
19,Replica�s Depression,DDNNH(D),Westopolis,Digital Circuit,Cryptic Castle,The Doom,Air Fleet,Lava Shelter,Egg Dealer,FALSE
20,"Machine, Machine",DDNNH(H),Westopolis,Digital Circuit,Cryptic Castle,The Doom,Air Fleet,Lava Shelter,Egg Dealer,TRUE
21,Disciple from the Darkness,DDNHD(D),Westopolis,Digital Circuit,Cryptic Castle,The Doom,Iron Jungle,Black Comet,Sonic and Diablon,FALSE
22,Beloved Clone,DDNHD(H),Westopolis,Digital Circuit,Cryptic Castle,The Doom,Iron Jungle,Black Comet,Egg Dealer,TRUE
23,Revenge Upon the Doctor,DDNHN(D),Westopolis,Digital Circuit,Cryptic Castle,The Doom,Iron Jungle,Lava Shelter,Egg Dealer,FALSE
24,The Ultimate Replica,DDNHN(H),Westopolis,Digital Circuit,Cryptic Castle,The Doom,Iron Jungle,Lava Shelter,Egg Dealer,FALSE
25,Sanction�s Demise,DDNHH(D),Westopolis,Digital Circuit,Cryptic Castle,The Doom,Iron Jungle,Cosmic Fall,Egg Dealer,FALSE
26,Along With My Home,DDNHH(H),Westopolis,Digital Circuit,Cryptic Castle,The Doom,Iron Jungle,Cosmic Fall,Black Doom,FALSE
27,The Cleansing of Darkness,DDHDD(D),Westopolis,Digital Circuit,Cryptic Castle,Sky Troops,Air Fleet,G.U.N. Fortress,Sonic and Diablon,FALSE
28,Birth of a God,DDHDD(H),Westopolis,Digital Circuit,Cryptic Castle,Sky Troops,Air Fleet,G.U.N. Fortress,Black Doom,FALSE
29,The Last Soldier�s Grim Fate,DDHDN(D),Westopolis,Digital Circuit,Cryptic Castle,Sky Troops,Air Fleet,Black Comet,Sonic and Diablon,TRUE
30,Isolation and Solitude,DDHDN(H),Westopolis,Digital Circuit,Cryptic Castle,Sky Troops,Air Fleet,Black Comet,Egg Dealer,FALSE
31,Archimedes and the Tortoise,DDHDH(D),Westopolis,Digital Circuit,Cryptic Castle,Sky Troops,Air Fleet,Lava Shelter,Egg Dealer,FALSE
32,Where Is My Happiness?,DDHDH(H),Westopolis,Digital Circuit,Cryptic Castle,Sky Troops,Air Fleet,Lava Shelter,Egg Dealer,FALSE
33,Seduced By Taste of Blood,DDHND(D),Westopolis,Digital Circuit,Cryptic Castle,Sky Troops,Iron Jungle,Black Comet,Sonic and Diablon,FALSE
34,A Machine Made for War,DDHND(H),Westopolis,Digital Circuit,Cryptic Castle,Sky Troops,Iron Jungle,Black Comet,Egg Dealer,FALSE
35,Original Definition,DDHNN(D),Westopolis,Digital Circuit,Cryptic Castle,Sky Troops,Iron Jungle,Lava Shelter,Egg Dealer,FALSE
36,Machine Paradise,DDHNN(H),Westopolis,Digital Circuit,Cryptic Castle,Sky Troops,Iron Jungle,Lava Shelter,Egg Dealer,FALSE
37,Last Will and Testament,DDHNH(D),Westopolis,Digital Circuit,Cryptic Castle,Sky Troops,Iron Jungle,Cosmic Fall,Egg Dealer,FALSE
38,Enveloped in Solitude,DDHNH(H),Westopolis,Digital Circuit,Cryptic Castle,Sky Troops,Iron Jungle,Cosmic Fall,Black Doom,FALSE
39,Parricidal Savior,DDHHD(D),Westopolis,Digital Circuit,Cryptic Castle,Sky Troops,Space Gadget,Lava Shelter,Egg Dealer,FALSE
40,Copy of a Savior,DDHHD(H),Westopolis,Digital Circuit,Cryptic Castle,Sky Troops,Space Gadget,Lava Shelter,Egg Dealer,FALSE
41,Excess of Intellect,DDHHN(D),Westopolis,Digital Circuit,Cryptic Castle,Sky Troops,Space Gadget,Cosmic Fall,Egg Dealer,FALSE
42,Crystallization of Intellect,DDHHN(H),Westopolis,Digital Circuit,Cryptic Castle,Sky Troops,Space Gadget,Cosmic Fall,Black Doom,FALSE
43,The Ultimate Confrontation,DDHHH(D),Westopolis,Digital Circuit,Cryptic Castle,Sky Troops,Space Gadget,Final Haunt,Sonic and Diablon,FALSE
44,Miracle of Love,DDHHH(H),Westopolis,Digital Circuit,Cryptic Castle,Sky Troops,Space Gadget,Final Haunt,Black Doom,FALSE
45,The World�s Demise,DHDDD(D),Westopolis,Digital Circuit,Prison Island,The Doom,The ARK,G.U.N. Fortress,Sonic and Diablon,FALSE
46,The Ultimate Power,DHDDD(H),Westopolis,Digital Circuit,Prison Island,The Doom,The ARK,G.U.N. Fortress,Black Doom,FALSE
47,Dyed in Lovely Darkness...,DHDDN(D),Westopolis,Digital Circuit,Prison Island,The Doom,The ARK,Black Comet,Sonic and Diablon,TRUE
48,Vainglory or Abandonment?,DHDDN(H),Westopolis,Digital Circuit,Prison Island,The Doom,The ARK,Black Comet,Egg Dealer,FALSE
49,Messenger of Ruination,DHDND(D),Westopolis,Digital Circuit,Prison Island,The Doom,Air Fleet,G.U.N. Fortress,Sonic and Diablon,FALSE
50,Standing at the Summit,DHDND(H),Westopolis,Digital Circuit,Prison Island,The Doom,Air Fleet,G.U.N. Fortress,Black Doom,FALSE
51,Controller from the Capsule,DHDNN(D),Westopolis,Digital Circuit,Prison Island,The Doom,Air Fleet,Black Comet,Sonic and Diablon,FALSE
52,Beyond One�s Own Power...,DHDNN(H),Westopolis,Digital Circuit,Prison Island,The Doom,Air Fleet,Black Comet,Egg Dealer,FALSE
53,A Clone�s Determination,DHDNH(D),Westopolis,Digital Circuit,Prison Island,The Doom,Air Fleet,Lava Shelter,Egg Dealer,TRUE
54,Machine Utopia,DHDNH(H),Westopolis,Digital Circuit,Prison Island,The Doom,Air Fleet,Lava Shelter,Egg Dealer,TRUE
55,A Toast to the Ruler,DHDHD(D),Westopolis,Digital Circuit,Prison Island,The Doom,Iron Jungle,Black Comet,Sonic and Diablon,FALSE
56,Answer from the Black Comet,DHDHD(H),Westopolis,Digital Circuit,Prison Island,The Doom,Iron Jungle,Black Comet,Egg Dealer,FALSE
57,Transcendentalism,DHDHN(D),Westopolis,Digital Circuit,Prison Island,The Doom,Iron Jungle,Lava Shelter,Egg Dealer,FALSE
58,Imperialism,DHDHN(H),Westopolis,Digital Circuit,Prison Island,The Doom,Iron Jungle,Lava Shelter,Egg Dealer,FALSE
59,The Weight of One�s Crimes,DHDHH(D),Westopolis,Digital Circuit,Prison Island,The Doom,Iron Jungle,Cosmic Fall,Egg Dealer,FALSE
60,Imprisoned by the Past...,DHDHH(H),Westopolis,Digital Circuit,Prison Island,The Doom,Iron Jungle,Cosmic Fall,Black Doom,FALSE
61,The Ultimate World Conquest,DHNDD(D),Westopolis,Digital Circuit,Prison Island,Sky Troops,Air Fleet,G.U.N. Fortress,Sonic and Diablon,FALSE
62,Black Angel,DHNDD(H),Westopolis,Digital Circuit,Prison Island,Sky Troops,Air Fleet,G.U.N. Fortress,Black Doom,FALSE
63,Under Darkness� Control,DHNDN(D),Westopolis,Digital Circuit,Prison Island,Sky Troops,Air Fleet,Black Comet,Sonic and Diablon,FALSE
64,To Love Oneself,DHNDN(H),Westopolis,Digital Circuit,Prison Island,Sky Troops,Air Fleet,Black Comet,Egg Dealer,FALSE
65,Revenge and Determination,DHNDH(D),Westopolis,Digital Circuit,Prison Island,Sky Troops,Air Fleet,Lava Shelter,Egg Dealer,FALSE
66,Birth of the Robot Emperor,DHNDH(H),Westopolis,Digital Circuit,Prison Island,Sky Troops,Air Fleet,Lava Shelter,Egg Dealer,FALSE
67,"Shadow, the Black Android",DHNND(D),Westopolis,Digital Circuit,Prison Island,Sky Troops,Iron Jungle,Black Comet,Sonic and Diablon,FALSE
68,A Solitary Android,DHNND(H),Westopolis,Digital Circuit,Prison Island,Sky Troops,Iron Jungle,Black Comet,Egg Dealer,FALSE
69,Over the Original,DHNNN(D),Westopolis,Digital Circuit,Prison Island,Sky Troops,Iron Jungle,Lava Shelter,Egg Dealer,FALSE
70,Machine Sunshine,DHNNN(H),Westopolis,Digital Circuit,Prison Island,Sky Troops,Iron Jungle,Lava Shelter,Egg Dealer,FALSE
71,Life is Guilty,DHNNH(D),Westopolis,Digital Circuit,Prison Island,Sky Troops,Iron Jungle,Cosmic Fall,Egg Dealer,FALSE
72,Fallen Angel of Despair,DHNNH(H),Westopolis,Digital Circuit,Prison Island,Sky Troops,Iron Jungle,Cosmic Fall,Black Doom,FALSE
73,An Eternal Rival...,DHNHD(D),Westopolis,Digital Circuit,Prison Island,Sky Troops,Space Gadget,Lava Shelter,Egg Dealer,FALSE
74,This is Just the Beginning,DHNHD(H),Westopolis,Digital Circuit,Prison Island,Sky Troops,Space Gadget,Lava Shelter,Egg Dealer,FALSE
75,Crystal of Tragic Knowledge,DHNHN(D),Westopolis,Digital Circuit,Prison Island,Sky Troops,Space Gadget,Cosmic Fall,Egg Dealer,FALSE
76,Shadow�s Second Death...?,DHNHN(H),Westopolis,Digital Circuit,Prison Island,Sky Troops,Space Gadget,Cosmic Fall,Black Doom,TRUE
77,The Legend of Shadow,DHNHH(D),Westopolis,Digital Circuit,Prison Island,Sky Troops,Space Gadget,Final Haunt,Sonic and Diablon,FALSE
78,Power of Love,DHNHH(H),Westopolis,Digital Circuit,Prison Island,Sky Troops,Space Gadget,Final Haunt,Black Doom,FALSE
79,Deep Black,DHHDD(D),Westopolis,Digital Circuit,Prison Island,Mad Matrix,Iron Jungle,Black Comet,Sonic and Diablon,FALSE
80,Walk My Way,DHHDD(H),Westopolis,Digital Circuit,Prison Island,Mad Matrix,Iron Jungle,Black Comet,Egg Dealer,FALSE
81,This is Shadow�s Way of Life,DHHDN(D),Westopolis,Digital Circuit,Prison Island,Mad Matrix,Iron Jungle,Lava Shelter,Egg Dealer,FALSE
82,A Monarch�s Style,DHHDN(H),Westopolis,Digital Circuit,Prison Island,Mad Matrix,Iron Jungle,Lava Shelter,Egg Dealer,FALSE
83,In the Gap of Sadness,DHHDH(D),Westopolis,Digital Circuit,Prison Island,Mad Matrix,Iron Jungle,Cosmic Fall,Egg Dealer,FALSE
84,To Be Ignorant of the Past,DHHDH(H),Westopolis,Digital Circuit,Prison Island,Mad Matrix,Iron Jungle,Cosmic Fall,Black Doom,FALSE
85,At Vengeance�s End,DHHND(D),Westopolis,Digital Circuit,Prison Island,Mad Matrix,Space Gadget,Lava Shelter,Egg Dealer,FALSE
86,Machine Boys,DHHND(H),Westopolis,Digital Circuit,Prison Island,Mad Matrix,Space Gadget,Lava Shelter,Egg Dealer,FALSE
87,Reborn Along with Sorrow,DHHNN(D),Westopolis,Digital Circuit,Prison Island,Mad Matrix,Space Gadget,Cosmic Fall,Egg Dealer,FALSE
88,With a Fate of Self-Denial,DHHNN(H),Westopolis,Digital Circuit,Prison Island,Mad Matrix,Space Gadget,Cosmic Fall,Black Doom,FALSE
89,I Am Shadow,DHHNH(D),Westopolis,Digital Circuit,Prison Island,Mad Matrix,Space Gadget,Final Haunt,Sonic and Diablon,FALSE
90,Shining Within Memory...,DHHNH(H),Westopolis,Digital Circuit,Prison Island,Mad Matrix,Space Gadget,Final Haunt,Black Doom,FALSE
91,The Rise and Fall of The ARK,DHHHN(D),Westopolis,Digital Circuit,Prison Island,Mad Matrix,Lost Impact,Cosmic Fall,Egg Dealer,FALSE
92,Requiem for a Fallen Angel,DHHHN(H),Westopolis,Digital Circuit,Prison Island,Mad Matrix,Lost Impact,Cosmic Fall,Black Doom,FALSE
93,Ultimate Shadow,DHHHH(D),Westopolis,Digital Circuit,Prison Island,Mad Matrix,Lost Impact,Final Haunt,Sonic and Diablon,FALSE
94,For Love�s Sake,DHHHH(H),Westopolis,Digital Circuit,Prison Island,Mad Matrix,Lost Impact,Final Haunt,Black Doom,FALSE
95,A Heart Awoken from Darkness,NDDDD(D),Westopolis,Glyphic Canyon,Cryptic Castle,Central City,The ARK,G.U.N. Fortress,Sonic and Diablon,FALSE
96,Destruction From Perfection,NDDDD(H),Westopolis,Glyphic Canyon,Cryptic Castle,Central City,The ARK,G.U.N. Fortress,Black Doom,FALSE
97,Darkness� Strongest Soldier,NDDDN(D),Westopolis,Glyphic Canyon,Cryptic Castle,Central City,The ARK,Black Comet,Sonic and Diablon,FALSE
98,Severed Chains,NDDDN(H),Westopolis,Glyphic Canyon,Cryptic Castle,Central City,The ARK,Black Comet,Egg Dealer,FALSE
99,Retribution Against Humanity,NDDHD(D),Westopolis,Glyphic Canyon,Cryptic Castle,Central City,Air Fleet,G.U.N. Fortress,Sonic and Diablon,FALSE
100,To Be Known as �Ultimate�,NDDHD(H),Westopolis,Glyphic Canyon,Cryptic Castle,Central City,Air Fleet,G.U.N. Fortress,Black Doom,FALSE
101,Dark Warrior�s Advent,NDDHN(D),Westopolis,Glyphic Canyon,Cryptic Castle,Central City,Air Fleet,Black Comet,Sonic and Diablon,FALSE
102,Arriving at the Ego,NDDHN(H),Westopolis,Glyphic Canyon,Cryptic Castle,Central City,Air Fleet,Black Comet,Egg Dealer,FALSE
103,Determination of a Fake,NDDHH(D),Westopolis,Glyphic Canyon,Cryptic Castle,Central City,Air Fleet,Lava Shelter,Egg Dealer,FALSE
104,Path to the Machine Empire,NDDHH(H),Westopolis,Glyphic Canyon,Cryptic Castle,Central City,Air Fleet,Lava Shelter,Egg Dealer,FALSE
105,Demise Wrought by Tragedy,NDNDD(D),Westopolis,Glyphic Canyon,Cryptic Castle,The Doom,The ARK,G.U.N. Fortress,Sonic and Diablon,FALSE
106,Turning Sorrow Into Strength,NDNDD(H),Westopolis,Glyphic Canyon,Cryptic Castle,The Doom,The ARK,G.U.N. Fortress,Black Doom,FALSE
107,The Liberated Soldier,NDNDN(D),Westopolis,Glyphic Canyon,Cryptic Castle,The Doom,The ARK,Black Comet,Sonic and Diablon,FALSE
108,Stupefaction�s End,NDNDN(H),Westopolis,Glyphic Canyon,Cryptic Castle,The Doom,The ARK,Black Comet,Egg Dealer,FALSE
109,Humanity�s Folly,NDNND(D),Westopolis,Glyphic Canyon,Cryptic Castle,The Doom,Air Fleet,G.U.N. Fortress,Sonic and Diablon,FALSE
110,Surpassing All Else,NDNND(H),Westopolis,Glyphic Canyon,Cryptic Castle,The Doom,Air Fleet,G.U.N. Fortress,Black Doom,FALSE
111,Soldier of Grief,NDNNN(D),Westopolis,Glyphic Canyon,Cryptic Castle,The Doom,Air Fleet,Black Comet,Sonic and Diablon,FALSE
112,Reclaimed Heart,NDNNN(H),Westopolis,Glyphic Canyon,Cryptic Castle,The Doom,Air Fleet,Black Comet,Egg Dealer,TRUE
113,Fighting Spirit of Steel,NDNNH(D),Westopolis,Glyphic Canyon,Cryptic Castle,The Doom,Air Fleet,Lava Shelter,Egg Dealer,TRUE
114,Machine Soldier Uprising,NDNNH(H),Westopolis,Glyphic Canyon,Cryptic Castle,The Doom,Air Fleet,Lava Shelter,Egg Dealer,FALSE
115,The Devil Born From Betrayal,NDNHD(D),Westopolis,Glyphic Canyon,Cryptic Castle,The Doom,Iron Jungle,Black Comet,Sonic and Diablon,FALSE
116,Beyond the Truth of Impact,NDNHD(H),Westopolis,Glyphic Canyon,Cryptic Castle,The Doom,Iron Jungle,Black Comet,Egg Dealer,FALSE
117,The Immortal Android,NDNHN(D),Westopolis,Glyphic Canyon,Cryptic Castle,The Doom,Iron Jungle,Lava Shelter,Egg Dealer,FALSE
118,"The New, Coldhearted Empire",NDNHN(H),Westopolis,Glyphic Canyon,Cryptic Castle,The Doom,Iron Jungle,Lava Shelter,Egg Dealer,FALSE
119,A Singular Atonement,NDNHH(D),Westopolis,Glyphic Canyon,Cryptic Castle,The Doom,Iron Jungle,Cosmic Fall,Egg Dealer,FALSE
120,Spawn of the Devil,NDNHH(H),Westopolis,Glyphic Canyon,Cryptic Castle,The Doom,Iron Jungle,Cosmic Fall,Black Doom,FALSE
121,Black Doom�s Scheme,NDHDD(D),Westopolis,Glyphic Canyon,Cryptic Castle,Sky Troops,Air Fleet,G.U.N. Fortress,Sonic and Diablon,FALSE
122,Subjugating Heaven and Earth,NDHDD(H),Westopolis,Glyphic Canyon,Cryptic Castle,Sky Troops,Air Fleet,G.U.N. Fortress,Black Doom,TRUE
123,Road of the Dark Soldier,NDHDN(D),Westopolis,Glyphic Canyon,Cryptic Castle,Sky Troops,Air Fleet,Black Comet,Sonic and Diablon,FALSE
124,Dark Finale,NDHDN(H),Westopolis,Glyphic Canyon,Cryptic Castle,Sky Troops,Air Fleet,Black Comet,Egg Dealer,FALSE
125,Realization While On Board,NDHDH(D),Westopolis,Glyphic Canyon,Cryptic Castle,Sky Troops,Air Fleet,Lava Shelter,Egg Dealer,FALSE
126,Birth of a Champion,NDHDH(H),Westopolis,Glyphic Canyon,Cryptic Castle,Sky Troops,Air Fleet,Lava Shelter,Egg Dealer,FALSE
127,With the Black Arms,NDHND(D),Westopolis,Glyphic Canyon,Cryptic Castle,Sky Troops,Iron Jungle,Black Comet,Sonic and Diablon,FALSE
128,The Road to Self-Assurance,NDHND(H),Westopolis,Glyphic Canyon,Cryptic Castle,Sky Troops,Iron Jungle,Black Comet,Egg Dealer,FALSE
129,The Pursuit of Dr. Eggman,NDHNN(D),Westopolis,Glyphic Canyon,Cryptic Castle,Sky Troops,Iron Jungle,Lava Shelter,Egg Dealer,FALSE
130,Surpassing His Creator,NDHNN(H),Westopolis,Glyphic Canyon,Cryptic Castle,Sky Troops,Iron Jungle,Lava Shelter,Egg Dealer,FALSE
131,"ARK, Colony of Pathos",NDHNH(D),Westopolis,Glyphic Canyon,Cryptic Castle,Sky Troops,Iron Jungle,Cosmic Fall,Egg Dealer,FALSE
132,Perfection Lost to Darkness,NDHNH(H),Westopolis,Glyphic Canyon,Cryptic Castle,Sky Troops,Iron Jungle,Cosmic Fall,Black Doom,FALSE
133,A New Challenge,NDHHD(D),Westopolis,Glyphic Canyon,Cryptic Castle,Sky Troops,Space Gadget,Lava Shelter,Egg Dealer,FALSE
134,The Machines� Coup d�Etat,NDHHD(H),Westopolis,Glyphic Canyon,Cryptic Castle,Sky Troops,Space Gadget,Lava Shelter,Egg Dealer,FALSE
135,A Vow for the Victims,NDHHN(D),Westopolis,Glyphic Canyon,Cryptic Castle,Sky Troops,Space Gadget,Cosmic Fall,Egg Dealer,TRUE
136,The Truth of Sadness,NDHHN(H),Westopolis,Glyphic Canyon,Cryptic Castle,Sky Troops,Space Gadget,Cosmic Fall,Black Doom,FALSE
137,The Destined Sonic Showdown,NDHHH(D),Westopolis,Glyphic Canyon,Cryptic Castle,Sky Troops,Space Gadget,Final Haunt,Sonic and Diablon,FALSE
138,The Black Hero�s Rebirth,NDHHH(H),Westopolis,Glyphic Canyon,Cryptic Castle,Sky Troops,Space Gadget,Final Haunt,Black Doom,FALSE
139,"Truth, Thy Name is Vengeance",NNDDD(D),Westopolis,Glyphic Canyon,Prison Island,The Doom,The ARK,G.U.N. Fortress,Sonic and Diablon,FALSE
140,Searching for 'Ultimate',NNDDD(H),Westopolis,Glyphic Canyon,Prison Island,The Doom,The ARK,G.U.N. Fortress,Black Doom,FALSE
141,Reborn Hatred for Humanity,NNDDN(D),Westopolis,Glyphic Canyon,Prison Island,The Doom,The ARK,Black Comet,Sonic and Diablon,FALSE
142,A Future Taken from the Past,NNDDN(H),Westopolis,Glyphic Canyon,Prison Island,The Doom,The ARK,Black Comet,Egg Dealer,FALSE
143,The Devils' Victory Song,NNDND(D),Westopolis,Glyphic Canyon,Prison Island,The Doom,Air Fleet,G.U.N. Fortress,Sonic and Diablon,FALSE
144,One to Succeed a God,NNDND(H),Westopolis,Glyphic Canyon,Prison Island,The Doom,Air Fleet,G.U.N. Fortress,Black Doom,FALSE
145,Disappointed in Humanity,NNDNN(D),Westopolis,Glyphic Canyon,Prison Island,The Doom,Air Fleet,Black Comet,Sonic and Diablon,FALSE
146,Faith Taken from Solitude,NNDNN(H),Westopolis,Glyphic Canyon,Prison Island,The Doom,Air Fleet,Black Comet,Egg Dealer,FALSE
147,Planted Memories,NNDNH(D),Westopolis,Glyphic Canyon,Prison Island,The Doom,Air Fleet,Lava Shelter,Egg Dealer,FALSE
148,To Unite Humanity,NNDNH(H),Westopolis,Glyphic Canyon,Prison Island,The Doom,Air Fleet,Lava Shelter,Egg Dealer,FALSE
149,Isolated Soldier Shadow,NNDHD(D),Westopolis,Glyphic Canyon,Prison Island,The Doom,Iron Jungle,Black Comet,Sonic and Diablon,FALSE
150,Answer Derived from Truth,NNDHD(H),Westopolis,Glyphic Canyon,Prison Island,The Doom,Iron Jungle,Black Comet,Egg Dealer,FALSE
151,A Fake�s Disposition,NNDHN(D),Westopolis,Glyphic Canyon,Prison Island,The Doom,Iron Jungle,Lava Shelter,Egg Dealer,FALSE
152,A New World Without Betrayal,NNDHN(H),Westopolis,Glyphic Canyon,Prison Island,The Doom,Iron Jungle,Lava Shelter,Egg Dealer,FALSE
153,Together With Maria...,NNDHH(D),Westopolis,Glyphic Canyon,Prison Island,The Doom,Iron Jungle,Cosmic Fall,Egg Dealer,FALSE
154,The Tragedy�s Conclusion,NNDHH(H),Westopolis,Glyphic Canyon,Prison Island,The Doom,Iron Jungle,Cosmic Fall,Black Doom,FALSE
155,The Day That Hope Died,NNNDD(D),Westopolis,Glyphic Canyon,Prison Island,Sky Troops,Air Fleet,G.U.N. Fortress,Sonic and Diablon,FALSE
156,Dark Destroyer,NNNDD(H),Westopolis,Glyphic Canyon,Prison Island,Sky Troops,Air Fleet,G.U.N. Fortress,Black Doom,TRUE
157,Diabolical Power,NNNDN(D),Westopolis,Glyphic Canyon,Prison Island,Sky Troops,Air Fleet,Black Comet,Sonic and Diablon,FALSE
158,For Freedom,NNNDN(H),Westopolis,Glyphic Canyon,Prison Island,Sky Troops,Air Fleet,Black Comet,Egg Dealer,FALSE
159,"At Least, Be Like Shadow...",NNNDH(D),Westopolis,Glyphic Canyon,Prison Island,Sky Troops,Air Fleet,Lava Shelter,Egg Dealer,FALSE
160,Seeking a Silent Paradise,NNNDH(H),Westopolis,Glyphic Canyon,Prison Island,Sky Troops,Air Fleet,Lava Shelter,Egg Dealer,TRUE
161,The Lion�s Awakening,NNNND(D),Westopolis,Glyphic Canyon,Prison Island,Sky Troops,Iron Jungle,Black Comet,Sonic and Diablon,FALSE
162,Identity,NNNND(H),Westopolis,Glyphic Canyon,Prison Island,Sky Troops,Iron Jungle,Black Comet,Egg Dealer,FALSE
163,An Android�s Rebellion,NNNNN(D),Westopolis,Glyphic Canyon,Prison Island,Sky Troops,Iron Jungle,Lava Shelter,Egg Dealer,FALSE
164,A New Empire�s Beginning,NNNNN(H),Westopolis,Glyphic Canyon,Prison Island,Sky Troops,Iron Jungle,Lava Shelter,Egg Dealer,TRUE
165,Bullets from Tears,NNNNH(D),Westopolis,Glyphic Canyon,Prison Island,Sky Troops,Iron Jungle,Cosmic Fall,Egg Dealer,FALSE
166,Journey to Nihility,NNNNH(H),Westopolis,Glyphic Canyon,Prison Island,Sky Troops,Iron Jungle,Cosmic Fall,Black Doom,FALSE
167,Shadow Surpassing Shadow,NNNHD(D),Westopolis,Glyphic Canyon,Prison Island,Sky Troops,Space Gadget,Lava Shelter,Egg Dealer,TRUE
168,Dr. Eggman�s Miscalculation,NNNHD(H),Westopolis,Glyphic Canyon,Prison Island,Sky Troops,Space Gadget,Lava Shelter,Egg Dealer,FALSE
169,Along With the ARK,NNNHN(D),Westopolis,Glyphic Canyon,Prison Island,Sky Troops,Space Gadget,Cosmic Fall,Egg Dealer,FALSE
170,Requiem for the Heavens,NNNHN(H),Westopolis,Glyphic Canyon,Prison Island,Sky Troops,Space Gadget,Cosmic Fall,Black Doom,FALSE
171,Sonic Dethroned!,NNNHH(D),Westopolis,Glyphic Canyon,Prison Island,Sky Troops,Space Gadget,Final Haunt,Sonic and Diablon,FALSE
172,Justice Reborn in Space,NNNHH(H),Westopolis,Glyphic Canyon,Prison Island,Sky Troops,Space Gadget,Final Haunt,Black Doom,FALSE
173,Steel Ruler,NNHDD(D),Westopolis,Glyphic Canyon,Prison Island,Mad Matrix,Iron Jungle,Black Comet,Sonic and Diablon,FALSE
174,For the Sake of the Self,NNHDD(H),Westopolis,Glyphic Canyon,Prison Island,Mad Matrix,Iron Jungle,Black Comet,Egg Dealer,FALSE
175,Farewell to the Past,NNHDN(D),Westopolis,Glyphic Canyon,Prison Island,Mad Matrix,Iron Jungle,Lava Shelter,Egg Dealer,FALSE
176,Steel Paradise,NNHDN(H),Westopolis,Glyphic Canyon,Prison Island,Mad Matrix,Iron Jungle,Lava Shelter,Egg Dealer,FALSE
177,The Guardian With No Past,NNHDH(D),Westopolis,Glyphic Canyon,Prison Island,Mad Matrix,Iron Jungle,Cosmic Fall,Egg Dealer,FALSE
178,The Ultimate Atonement,NNHDH(H),Westopolis,Glyphic Canyon,Prison Island,Mad Matrix,Iron Jungle,Cosmic Fall,Black Doom,FALSE
179,A Fake�s Aspiration,NNHND(D),Westopolis,Glyphic Canyon,Prison Island,Mad Matrix,Space Gadget,Lava Shelter,Egg Dealer,FALSE
180,Machine World,NNHND(H),Westopolis,Glyphic Canyon,Prison Island,Mad Matrix,Space Gadget,Lava Shelter,Egg Dealer,FALSE
181,Twilight Ark,NNHNN(D),Westopolis,Glyphic Canyon,Prison Island,Mad Matrix,Space Gadget,Cosmic Fall,Egg Dealer,TRUE
182,Compensation for a Miracle,NNHNN(H),Westopolis,Glyphic Canyon,Prison Island,Mad Matrix,Space Gadget,Cosmic Fall,Black Doom,FALSE
183,The Strongest Hedgehog,NNHNH(D),Westopolis,Glyphic Canyon,Prison Island,Mad Matrix,Space Gadget,Final Haunt,Sonic and Diablon,FALSE
184,The Ultimate Punisher,NNHNH(H),Westopolis,Glyphic Canyon,Prison Island,Mad Matrix,Space Gadget,Final Haunt,Black Doom,FALSE
185,Voyage of Reminiscence,NNHHN(D),Westopolis,Glyphic Canyon,Prison Island,Mad Matrix,Lost Impact,Cosmic Fall,Egg Dealer,FALSE
186,Wandering�s End,NNHHN(H),Westopolis,Glyphic Canyon,Prison Island,Mad Matrix,Lost Impact,Cosmic Fall,Black Doom,FALSE
187,The Ultimate Proof,NNHHH(D),Westopolis,Glyphic Canyon,Prison Island,Mad Matrix,Lost Impact,Final Haunt,Sonic and Diablon,FALSE
188,Punisher of Love,NNHHH(H),Westopolis,Glyphic Canyon,Prison Island,Mad Matrix,Lost Impact,Final Haunt,Black Doom,FALSE
189,Messenger from the Darkness,NHDDD(D),Westopolis,Glyphic Canyon,Circus Park,Sky Troops,Air Fleet,G.U.N. Fortress,Sonic and Diablon,FALSE
190,The New Ruler,NHDDD(H),Westopolis,Glyphic Canyon,Circus Park,Sky Troops,Air Fleet,G.U.N. Fortress,Black Doom,FALSE
191,Dark Soldier,NHDDN(D),Westopolis,Glyphic Canyon,Circus Park,Sky Troops,Air Fleet,Black Comet,Sonic and Diablon,FALSE
192,The Road of Light,NHDDN(H),Westopolis,Glyphic Canyon,Circus Park,Sky Troops,Air Fleet,Black Comet,Egg Dealer,FALSE
193,The Machine-Laden Kingdom,NHDDH(D),Westopolis,Glyphic Canyon,Circus Park,Sky Troops,Air Fleet,Lava Shelter,Egg Dealer,FALSE
194,New Determination,NHDDH(H),Westopolis,Glyphic Canyon,Circus Park,Sky Troops,Air Fleet,Lava Shelter,Egg Dealer,FALSE
195,Birth of the Dark Soldier,NHDND(D),Westopolis,Glyphic Canyon,Circus Park,Sky Troops,Iron Jungle,Black Comet,Sonic and Diablon,FALSE
196,A New Journey,NHDND(H),Westopolis,Glyphic Canyon,Circus Park,Sky Troops,Iron Jungle,Black Comet,Egg Dealer,FALSE
197,The Android�s Opposition,NHDNN(D),Westopolis,Glyphic Canyon,Circus Park,Sky Troops,Iron Jungle,Lava Shelter,Egg Dealer,FALSE
198,Founding of the Robot Nation,NHDNN(H),Westopolis,Glyphic Canyon,Circus Park,Sky Troops,Iron Jungle,Lava Shelter,Egg Dealer,FALSE
199,The Eternal Protector,NHDNH(D),Westopolis,Glyphic Canyon,Circus Park,Sky Troops,Iron Jungle,Cosmic Fall,Egg Dealer,FALSE
200,The Sinner�s Repose,NHDNH(H),Westopolis,Glyphic Canyon,Circus Park,Sky Troops,Iron Jungle,Cosmic Fall,Black Doom,FALSE
201,A Hero�s Resolution,NHDHD(D),Westopolis,Glyphic Canyon,Circus Park,Sky Troops,Space Gadget,Lava Shelter,Egg Dealer,FALSE
202,The Weapons� Empire,NHDHD(H),Westopolis,Glyphic Canyon,Circus Park,Sky Troops,Space Gadget,Lava Shelter,Egg Dealer,FALSE
203,Perpetual Voyage,NHDHN(D),Westopolis,Glyphic Canyon,Circus Park,Sky Troops,Space Gadget,Cosmic Fall,Egg Dealer,FALSE
204,A Hero�s Atonement,NHDHN(H),Westopolis,Glyphic Canyon,Circus Park,Sky Troops,Space Gadget,Cosmic Fall,Black Doom,FALSE
205,Dark Hegemony,NHDHH(D),Westopolis,Glyphic Canyon,Circus Park,Sky Troops,Space Gadget,Final Haunt,Sonic and Diablon,FALSE
206,And the Dream Continues,NHDHH(H),Westopolis,Glyphic Canyon,Circus Park,Sky Troops,Space Gadget,Final Haunt,Black Doom,FALSE
207,Fighter for Darkness,NHNDD(D),Westopolis,Glyphic Canyon,Circus Park,Mad Matrix,Iron Jungle,Black Comet,Sonic and Diablon,FALSE
208,The Path I Believed In,NHNDD(H),Westopolis,Glyphic Canyon,Circus Park,Mad Matrix,Iron Jungle,Black Comet,Egg Dealer,FALSE
209,Determination�s Daybreak,NHNDN(D),Westopolis,Glyphic Canyon,Circus Park,Mad Matrix,Iron Jungle,Lava Shelter,Egg Dealer,FALSE
210,Machine Kingdom at Dawn,NHNDN(H),Westopolis,Glyphic Canyon,Circus Park,Mad Matrix,Iron Jungle,Lava Shelter,Egg Dealer,FALSE
211,Sinful Protector,NHNDH(D),Westopolis,Glyphic Canyon,Circus Park,Mad Matrix,Iron Jungle,Cosmic Fall,Egg Dealer,FALSE
212,At the End of the Journey,NHNDH(H),Westopolis,Glyphic Canyon,Circus Park,Mad Matrix,Iron Jungle,Cosmic Fall,Black Doom,FALSE
213,Surmounting the Nightmare,NHNND(D),Westopolis,Glyphic Canyon,Circus Park,Mad Matrix,Space Gadget,Lava Shelter,Egg Dealer,FALSE
214,Dawn of the Machines,NHNND(H),Westopolis,Glyphic Canyon,Circus Park,Mad Matrix,Space Gadget,Lava Shelter,Egg Dealer,FALSE
215,Wandering for Eternity,NHNNN(D),Westopolis,Glyphic Canyon,Circus Park,Mad Matrix,Space Gadget,Cosmic Fall,Egg Dealer,FALSE
216,At Vagrancy�s End,NHNNN(H),Westopolis,Glyphic Canyon,Circus Park,Mad Matrix,Space Gadget,Cosmic Fall,Black Doom,FALSE
217,The Summit of Power,NHNNH(D),Westopolis,Glyphic Canyon,Circus Park,Mad Matrix,Space Gadget,Final Haunt,Sonic and Diablon,FALSE
218,Under the Name of Love,NHNNH(H),Westopolis,Glyphic Canyon,Circus Park,Mad Matrix,Space Gadget,Final Haunt,Black Doom,FALSE
219,Eternally Drifting,NHNHN(D),Westopolis,Glyphic Canyon,Circus Park,Mad Matrix,Lost Impact,Cosmic Fall,Egg Dealer,FALSE
220,The Importance of Truth,NHNHN(H),Westopolis,Glyphic Canyon,Circus Park,Mad Matrix,Lost Impact,Cosmic Fall,Black Doom,FALSE
221,The Beginning of Judgment,NHNHH(D),Westopolis,Glyphic Canyon,Circus Park,Mad Matrix,Lost Impact,Final Haunt,Sonic and Diablon,TRUE
222,This World�s Guardian,NHNHH(H),Westopolis,Glyphic Canyon,Circus Park,Mad Matrix,Lost Impact,Final Haunt,Black Doom,FALSE
223,Light Born from Darkness,NHHDD(D),Westopolis,Glyphic Canyon,Circus Park,Death Ruins,Space Gadget,Lava Shelter,Egg Dealer,FALSE
224,The Order of Steel,NHHDD(H),Westopolis,Glyphic Canyon,Circus Park,Death Ruins,Space Gadget,Lava Shelter,Egg Dealer,FALSE
225,Solitary Journey,NHHDN(D),Westopolis,Glyphic Canyon,Circus Park,Death Ruins,Space Gadget,Cosmic Fall,Egg Dealer,FALSE
226,The Fall Home,NHHDN(H),Westopolis,Glyphic Canyon,Circus Park,Death Ruins,Space Gadget,Cosmic Fall,Black Doom,FALSE
227,Sovereign of All Creation,NHHDH(D),Westopolis,Glyphic Canyon,Circus Park,Death Ruins,Space Gadget,Final Haunt,Sonic and Diablon,FALSE
228,I Shall Be the One to Judge,NHHDH(H),Westopolis,Glyphic Canyon,Circus Park,Death Ruins,Space Gadget,Final Haunt,Black Doom,FALSE
229,Gone With the Darkness,NHHHN(D),Westopolis,Glyphic Canyon,Circus Park,Death Ruins,Lost Impact,Cosmic Fall,Egg Dealer,FALSE
230,The Ultimate Choice,NHHHN(H),Westopolis,Glyphic Canyon,Circus Park,Death Ruins,Lost Impact,Cosmic Fall,Black Doom,FALSE
231,I Am the Strongest!,NHHHH(D),Westopolis,Glyphic Canyon,Circus Park,Death Ruins,Lost Impact,Final Haunt,Sonic and Diablon,FALSE
232,Justice�s Awakening,NHHHH(H),Westopolis,Glyphic Canyon,Circus Park,Death Ruins,Lost Impact,Final Haunt,Black Doom,FALSE
233,Prelude to Ruination,HDDDD(D),Westopolis,Lethal Highway,Prison Island,The Doom,The ARK,G.U.N. Fortress,Sonic and Diablon,FALSE
234,A World United by Darkness,HDDDD(H),Westopolis,Lethal Highway,Prison Island,The Doom,The ARK,G.U.N. Fortress,Black Doom,FALSE
235,The Pulse of Darkness,HDDDN(D),Westopolis,Lethal Highway,Prison Island,The Doom,The ARK,Black Comet,Sonic and Diablon,FALSE
236,To Just Be Myself,HDDDN(H),Westopolis,Lethal Highway,Prison Island,The Doom,The ARK,Black Comet,Egg Dealer,FALSE
237,Punishment in Jet Black,HDDND(D),Westopolis,Lethal Highway,Prison Island,The Doom,Air Fleet,G.U.N. Fortress,Sonic and Diablon,FALSE
238,The Ruler�s First Cry,HDDND(H),Westopolis,Lethal Highway,Prison Island,The Doom,Air Fleet,G.U.N. Fortress,Black Doom,FALSE
239,Darkness� Conspiracy,HDDNN(D),Westopolis,Lethal Highway,Prison Island,The Doom,Air Fleet,Black Comet,Sonic and Diablon,FALSE
240,The Faint Light of Tomorrow,HDDNN(H),Westopolis,Lethal Highway,Prison Island,The Doom,Air Fleet,Black Comet,Egg Dealer,FALSE
241,Time of Departure,HDDNH(D),Westopolis,Lethal Highway,Prison Island,The Doom,Air Fleet,Lava Shelter,Egg Dealer,FALSE
242,Rise of the Machine Kingdom,HDDNH(H),Westopolis,Lethal Highway,Prison Island,The Doom,Air Fleet,Lava Shelter,Egg Dealer,FALSE
243,Despair�s Quickening,HDDHD(D),Westopolis,Lethal Highway,Prison Island,The Doom,Iron Jungle,Black Comet,Sonic and Diablon,FALSE
244,The Beginning,HDDHD(H),Westopolis,Lethal Highway,Prison Island,The Doom,Iron Jungle,Black Comet,Egg Dealer,FALSE
245,Setting Out in the Morning,HDDHN(D),Westopolis,Lethal Highway,Prison Island,The Doom,Iron Jungle,Lava Shelter,Egg Dealer,FALSE
246,The Weapons� Dawn,HDDHN(H),Westopolis,Lethal Highway,Prison Island,The Doom,Iron Jungle,Lava Shelter,Egg Dealer,TRUE
247,Pure Ark,HDDHH(D),Westopolis,Lethal Highway,Prison Island,The Doom,Iron Jungle,Cosmic Fall,Egg Dealer,FALSE
248,Making Up For It in the End,HDDHH(H),Westopolis,Lethal Highway,Prison Island,The Doom,Iron Jungle,Cosmic Fall,Black Doom,FALSE
249,The Coming of the Dark Time,HDNDD(D),Westopolis,Lethal Highway,Prison Island,Sky Troops,Air Fleet,G.U.N. Fortress,Sonic and Diablon,FALSE
250,The Throne of God,HDNDD(H),Westopolis,Lethal Highway,Prison Island,Sky Troops,Air Fleet,G.U.N. Fortress,Black Doom,FALSE
251,God of War,HDNDN(D),Westopolis,Lethal Highway,Prison Island,Sky Troops,Air Fleet,Black Comet,Sonic and Diablon,FALSE
252,Howl of Solitude,HDNDN(H),Westopolis,Lethal Highway,Prison Island,Sky Troops,Air Fleet,Black Comet,Egg Dealer,FALSE
253,Proof of Existence,HDNDH(D),Westopolis,Lethal Highway,Prison Island,Sky Troops,Air Fleet,Lava Shelter,Egg Dealer,FALSE
254,Ardent Vow,HDNDH(H),Westopolis,Lethal Highway,Prison Island,Sky Troops,Air Fleet,Lava Shelter,Egg Dealer,FALSE
255,A Deal With the Devil,HDNND(D),Westopolis,Lethal Highway,Prison Island,Sky Troops,Iron Jungle,Black Comet,Sonic and Diablon,FALSE
256,A Reason to Live,HDNND(H),Westopolis,Lethal Highway,Prison Island,Sky Troops,Iron Jungle,Black Comet,Egg Dealer,FALSE
257,Induplicable Thoughts,HDNNN(D),Westopolis,Lethal Highway,Prison Island,Sky Troops,Iron Jungle,Lava Shelter,Egg Dealer,FALSE
258,Steel Struck With Flame,HDNNN(H),Westopolis,Lethal Highway,Prison Island,Sky Troops,Iron Jungle,Lava Shelter,Egg Dealer,TRUE
259,A Heart Bound to the ARK,HDNNH(D),Westopolis,Lethal Highway,Prison Island,Sky Troops,Iron Jungle,Cosmic Fall,Egg Dealer,FALSE
260,Tears Shed by the Stars,HDNNH(H),Westopolis,Lethal Highway,Prison Island,Sky Troops,Iron Jungle,Cosmic Fall,Black Doom,FALSE
261,Imitation Complex,HDNHD(D),Westopolis,Lethal Highway,Prison Island,Sky Troops,Space Gadget,Lava Shelter,Egg Dealer,FALSE
262,Steel Combat Boots,HDNHD(H),Westopolis,Lethal Highway,Prison Island,Sky Troops,Space Gadget,Lava Shelter,Egg Dealer,FALSE
263,Protector of the Ashen Moon,HDNHN(D),Westopolis,Lethal Highway,Prison Island,Sky Troops,Space Gadget,Cosmic Fall,Egg Dealer,FALSE
264,A Demon Drifting,HDNHN(H),Westopolis,Lethal Highway,Prison Island,Sky Troops,Space Gadget,Cosmic Fall,Black Doom,FALSE
265,The Ultimate Pride,HDNHH(D),Westopolis,Lethal Highway,Prison Island,Sky Troops,Space Gadget,Final Haunt,Sonic and Diablon,FALSE
266,I Know the Will of Heaven,HDNHH(H),Westopolis,Lethal Highway,Prison Island,Sky Troops,Space Gadget,Final Haunt,Black Doom,FALSE
267,Ego Dyed in Black,HDHDD(D),Westopolis,Lethal Highway,Prison Island,Mad Matrix,Iron Jungle,Black Comet,Sonic and Diablon,FALSE
268,Isolation By Choice,HDHDD(H),Westopolis,Lethal Highway,Prison Island,Mad Matrix,Iron Jungle,Black Comet,Egg Dealer,FALSE
269,Faith Without Falsehood,HDHDN(D),Westopolis,Lethal Highway,Prison Island,Mad Matrix,Iron Jungle,Lava Shelter,Egg Dealer,FALSE
270,Machine Empire,HDHDN(H),Westopolis,Lethal Highway,Prison Island,Mad Matrix,Iron Jungle,Lava Shelter,Egg Dealer,FALSE
271,The Eternally-Closed Door,HDHDH(D),Westopolis,Lethal Highway,Prison Island,Mad Matrix,Iron Jungle,Cosmic Fall,Egg Dealer,FALSE
272,The Sealed-Away Ark of Sin,HDHDH(H),Westopolis,Lethal Highway,Prison Island,Mad Matrix,Iron Jungle,Cosmic Fall,Black Doom,FALSE
273,Silver Emergence,HDHND(D),Westopolis,Lethal Highway,Prison Island,Mad Matrix,Space Gadget,Lava Shelter,Egg Dealer,FALSE
274,Pulsating Supercurrent,HDHND(H),Westopolis,Lethal Highway,Prison Island,Mad Matrix,Space Gadget,Lava Shelter,Egg Dealer,FALSE
275,The Reason I Was Born,HDHNN(D),Westopolis,Lethal Highway,Prison Island,Mad Matrix,Space Gadget,Cosmic Fall,Egg Dealer,FALSE
276,The Dark Part of the Galaxy,HDHNN(H),Westopolis,Lethal Highway,Prison Island,Mad Matrix,Space Gadget,Cosmic Fall,Black Doom,FALSE
277,The View From Atop the World,HDHNH(D),Westopolis,Lethal Highway,Prison Island,Mad Matrix,Space Gadget,Final Haunt,Sonic and Diablon,FALSE
278,Maria�s Testament,HDHNH(H),Westopolis,Lethal Highway,Prison Island,Mad Matrix,Space Gadget,Final Haunt,Black Doom,FALSE
279,A Genius Scientist�s Lineage,HDHHN(D),Westopolis,Lethal Highway,Prison Island,Mad Matrix,Lost Impact,Cosmic Fall,Egg Dealer,FALSE
280,Distorted Truth,HDHHN(H),Westopolis,Lethal Highway,Prison Island,Mad Matrix,Lost Impact,Cosmic Fall,Black Doom,FALSE
281,A Counterfeit Existence,HDHHH(D),Westopolis,Lethal Highway,Prison Island,Mad Matrix,Lost Impact,Final Haunt,Sonic and Diablon,FALSE
282,Beloved Memories,HDHHH(H),Westopolis,Lethal Highway,Prison Island,Mad Matrix,Lost Impact,Final Haunt,Black Doom,FALSE
283,Birth of a Devil,HHDDD(D),Westopolis,Lethal Highway,Circus Park,Sky Troops,Air Fleet,G.U.N. Fortress,Sonic and Diablon,FALSE
284,A Dark Myth�s Beginnings,HHDDD(H),Westopolis,Lethal Highway,Circus Park,Sky Troops,Air Fleet,G.U.N. Fortress,Black Doom,FALSE
285,Black Thunder,HHDDN(D),Westopolis,Lethal Highway,Circus Park,Sky Troops,Air Fleet,Black Comet,Sonic and Diablon,FALSE
286,The Torn-Away Necklace,HHDDN(H),Westopolis,Lethal Highway,Circus Park,Sky Troops,Air Fleet,Black Comet,Egg Dealer,FALSE
287,A Soul Sheltered by Iron,HHDDH(D),Westopolis,Lethal Highway,Circus Park,Sky Troops,Air Fleet,Lava Shelter,Egg Dealer,FALSE
288,Steel Nation�s Decree,HHDDH(H),Westopolis,Lethal Highway,Circus Park,Sky Troops,Air Fleet,Lava Shelter,Egg Dealer,FALSE
289,Coronation of Darkness,HHDND(D),Westopolis,Lethal Highway,Circus Park,Sky Troops,Iron Jungle,Black Comet,Sonic and Diablon,FALSE
290,Opened Eyes,HHDND(H),Westopolis,Lethal Highway,Circus Park,Sky Troops,Iron Jungle,Black Comet,Egg Dealer,FALSE
291,The Doctor�s Lie,HHDNN(D),Westopolis,Lethal Highway,Circus Park,Sky Troops,Iron Jungle,Lava Shelter,Egg Dealer,FALSE
292,The Uninvited Successor,HHDNN(H),Westopolis,Lethal Highway,Circus Park,Sky Troops,Iron Jungle,Lava Shelter,Egg Dealer,FALSE
293,The Closed Pandora�s Box,HHDNH(D),Westopolis,Lethal Highway,Circus Park,Sky Troops,Iron Jungle,Cosmic Fall,Egg Dealer,FALSE
294,A Heart Bound by Sin,HHDNH(H),Westopolis,Lethal Highway,Circus Park,Sky Troops,Iron Jungle,Cosmic Fall,Black Doom,FALSE
295,Courage from Turning Gears,HHDHD(D),Westopolis,Lethal Highway,Circus Park,Sky Troops,Space Gadget,Lava Shelter,Egg Dealer,FALSE
296,Fullmetal Prince,HHDHD(H),Westopolis,Lethal Highway,Circus Park,Sky Troops,Space Gadget,Lava Shelter,Egg Dealer,FALSE
297,Time�s Watchman,HHDHN(D),Westopolis,Lethal Highway,Circus Park,Sky Troops,Space Gadget,Cosmic Fall,Egg Dealer,FALSE
298,Galaxy�s Requiem,HHDHN(H),Westopolis,Lethal Highway,Circus Park,Sky Troops,Space Gadget,Cosmic Fall,Black Doom,FALSE
299,Charm of the Chaos Emeralds,HHDHH(D),Westopolis,Lethal Highway,Circus Park,Sky Troops,Space Gadget,Final Haunt,Sonic and Diablon,FALSE
300,Promise of a Far-Off Day,HHDHH(H),Westopolis,Lethal Highway,Circus Park,Sky Troops,Space Gadget,Final Haunt,Black Doom,FALSE
301,The Grim Reaper�s Horn,HHNDD(D),Westopolis,Lethal Highway,Circus Park,Mad Matrix,Iron Jungle,Black Comet,Sonic and Diablon,FALSE
302,A Flame Extinguished by Fate,HHNDD(H),Westopolis,Lethal Highway,Circus Park,Mad Matrix,Iron Jungle,Black Comet,Egg Dealer,FALSE
303,Shouting at the Morning Sun,HHNDN(D),Westopolis,Lethal Highway,Circus Park,Mad Matrix,Iron Jungle,Lava Shelter,Egg Dealer,FALSE
304,Iron Ambition,HHNDN(H),Westopolis,Lethal Highway,Circus Park,Mad Matrix,Iron Jungle,Lava Shelter,Egg Dealer,FALSE
305,Sleeping on Hallowed Ground,HHNDH(D),Westopolis,Lethal Highway,Circus Park,Mad Matrix,Iron Jungle,Cosmic Fall,Egg Dealer,FALSE
306,Explanation of the Truth,HHNDH(H),Westopolis,Lethal Highway,Circus Park,Mad Matrix,Iron Jungle,Cosmic Fall,Black Doom,FALSE
307,An Android�s Dream,HHNND(D),Westopolis,Lethal Highway,Circus Park,Mad Matrix,Space Gadget,Lava Shelter,Egg Dealer,FALSE
308,Metallic Quickening,HHNND(H),Westopolis,Lethal Highway,Circus Park,Mad Matrix,Space Gadget,Lava Shelter,Egg Dealer,FALSE
309,Funeral Procession in Space,HHNNN(D),Westopolis,Lethal Highway,Circus Park,Mad Matrix,Space Gadget,Cosmic Fall,Egg Dealer,FALSE
310,Lost to the Universe�s Abyss,HHNNN(H),Westopolis,Lethal Highway,Circus Park,Mad Matrix,Space Gadget,Cosmic Fall,Black Doom,FALSE
311,Destiny for Two,HHNNH(D),Westopolis,Lethal Highway,Circus Park,Mad Matrix,Space Gadget,Final Haunt,Sonic and Diablon,FALSE
312,The Spun Threads of Fate,HHNNH(H),Westopolis,Lethal Highway,Circus Park,Mad Matrix,Space Gadget,Final Haunt,Black Doom,FALSE
313,Ark of the Heavens,HHNHN(D),Westopolis,Lethal Highway,Circus Park,Mad Matrix,Lost Impact,Cosmic Fall,Egg Dealer,FALSE
314,Ghost of The ARK,HHNHN(H),Westopolis,Lethal Highway,Circus Park,Mad Matrix,Lost Impact,Cosmic Fall,Black Doom,FALSE
315,A Pair of Shooting Stars,HHNHH(D),Westopolis,Lethal Highway,Circus Park,Mad Matrix,Lost Impact,Final Haunt,Sonic and Diablon,FALSE
316,The One Who Maria Entrusted,HHNHH(H),Westopolis,Lethal Highway,Circus Park,Mad Matrix,Lost Impact,Final Haunt,Black Doom,FALSE
317,A.I.�s Enlightenment,HHHDD(D),Westopolis,Lethal Highway,Circus Park,Death Ruins,Space Gadget,Lava Shelter,Egg Dealer,FALSE
318,A Dying Empire�s Cry,HHHDD(H),Westopolis,Lethal Highway,Circus Park,Death Ruins,Space Gadget,Lava Shelter,Egg Dealer,FALSE
319,Moon of Atonement,HHHDN(D),Westopolis,Lethal Highway,Circus Park,Death Ruins,Space Gadget,Cosmic Fall,Egg Dealer,TRUE
320,Tear-Soaked Hometown,HHHDN(H),Westopolis,Lethal Highway,Circus Park,Death Ruins,Space Gadget,Cosmic Fall,Black Doom,FALSE
321,Sparks on the Horizon,HHHDH(D),Westopolis,Lethal Highway,Circus Park,Death Ruins,Space Gadget,Final Haunt,Sonic and Diablon,FALSE
322,A Use for a Saved Life,HHHDH(H),Westopolis,Lethal Highway,Circus Park,Death Ruins,Space Gadget,Final Haunt,Black Doom,FALSE
323,Coffin of Memories,HHHHN(D),Westopolis,Lethal Highway,Circus Park,Death Ruins,Lost Impact,Cosmic Fall,Egg Dealer,TRUE
324,The Self-Imposed Seal,HHHHN(H),Westopolis,Lethal Highway,Circus Park,Death Ruins,Lost Impact,Cosmic Fall,Black Doom,TRUE
325,Pretense in the Mirror,HHHHH(D),Westopolis,Lethal Highway,Circus Park,Death Ruins,Lost Impact,Final Haunt,Sonic and Diablon,FALSE
326,A Missive from 50 Years Ago,HHHHH(H),Westopolis,Lethal Highway,Circus Park,Death Ruins,Lost Impact,Final Haunt,Black Doom,TRUE
